{
  "timestamps": {
    "marker-0": 0.050113,

    "marker-1": 2.5327908,
    "marker-2": 10.605672599999998,
    "marker-3": 20.010799399999996,

    "marker-4": 39.8126602,
    "marker-5": 47.88554200000001,
    "marker-6": 57.29066880000001,

    "marker-7": 77.0925296,
    "marker-8": 85.16541140000001,
    "marker-9": 94.57053820000002,

    "marker-10": 114.37239900000002,
    "marker-11": 122.44528080000002,
    "marker-12": 131.8504076,

    "marker-13": 151.6522684,
    "marker-14": 159.72515019999997,
    "marker-15": 169.13027699999995,

    "marker-16": 188.93213779999994,
    "marker-17": 197.0050195999999,
    "marker-18": 206.4101463999999,

    "marker-19": 226.21200719999987,
    "marker-20": 234.28488899999985,
    "marker-21": 243.69001579999983,

    "marker-22": 263.49187659999984,
    "marker-23": 271.56475839999985,
    "marker-24": 280.96988519999985
  }
}
